type,name,hill_group,grid_ref,height
MUNRO,A' Bhuidheanach Beag,Drumochter,NN660776,3070
 MUNRO      , A' Chailleach [Fannaich region]                             , Fannaichs and Ullapool                          , NH136714 ,3270
 MUNRO      , A' Chailleach [Monadh Liath]                                , Laggan and Monadh Liath                         , NH681041 ,3051
 MUNRO      , A' Chralaig                                                 , Glen Shiel                                      , NH094148 ,3674
 MUNRO      , A' Ghlas-bheinn                                             , Glen Affric and Strathfarrar                    , NH008230 ,3011
 MUNRO      , A' Maighdean                                                , Dundonnell and Fisherfield                      , NH007749 ,3172
 MUNRO      , A' Mharconaich                                              , Drumochter                                      , NN604762 ,3198
 MUNRO      , Am Basteir                                                  , The Islands                                     , NG465253 ,3064
 MUNRO      , Am Bodach                                                   , Mamores                                         , NN176650 ,3385
 MUNRO      , Am Faochagach                                               , Fannaichs and Ullapool                          , NH303793 ,3126
 MUNRO      , An Caisteal                                                 , Crianlarich                                     , NN378193 ,3264
 MUNRO      , An Coileachan                                               , Fannaichs and Ullapool                          , NH241680 ,3028
 MUNRO      , An Gearanach                                                , Mamores                                         , NN187669 ,3221
 MUNRO      , An Riabhachan                                               , Glen Affric and Strathfarrar                    , NH133344 ,3704
 MUNRO      , An Sgarsoch                                                 , Tarf and Tilt                                   , NN933836 ,3300
 MUNRO      , An Socach [Glen Affric]                                     , Glen Affric and Strathfarrar                    , NH088230 ,3021
 MUNRO      , An Socach [Glen Ey]                                         , Cairnwell                                       , NO079799 ,3097
 MUNRO      , An Socach [Loch Mullardoch]                                 , Glen Affric and Strathfarrar                    , NH100332 ,3507
 MUNRO      , An Stuc                                                     , The Lawers                                      , NN639431 ,3667
 MUNRO      , Aonach Air Chrith                                           , Glen Shiel                                      , NH050083 ,3349
 MUNRO      , Aonach Beag [Alder region]                                  , Loch Ericht to Loch Laggan                      , NN457741 ,3661
 MUNRO      , Aonach Beag [Nevis region]                                  , Nevis Range and Grey Corries                    , NN196715 ,4048
 MUNRO      , Aonach Meadhoin                                             , Glen Shiel                                      , NH049137 ,3284
 MUNRO      , Aonach Mor                                                  , Nevis Range and Grey Corries                    , NN192729 ,4005
 MUNRO      , Beinn a' Bhuird                                             , South Cairngorms                                , NJ092006 ,3927
 MUNRO      , Beinn a' Chaorainn [Glen Derry]                             , South Cairngorms                                , NJ045013 ,3553
 MUNRO      , Beinn a' Chaorainn [Loch Laggan]                            , Laggan and Monadh Liath                         , NN386851 ,3451
 MUNRO      , Beinn a' Chlachair                                          , Loch Ericht to Loch Laggan                      , NN471781 ,3566
 MUNRO      , Beinn a' Chleibh                                            , Tyndrum                                         , NN250256 ,3005
 MUNRO      , Beinn a' Chochuill                                          , Cruachan                                        , NN109328 ,3215
 MUNRO      , Beinn a' Chreachain                                         , Bridge of Orchy                                 , NN373440 ,3546
 MUNRO      , Beinn a' Chroin                                             , Crianlarich                                     , NN394186 ,3083
 MUNRO      , Beinn Achaladair                                            , Bridge of Orchy                                 , NN344432 ,3405
 MUNRO      , Beinn an Dothaidh                                           , Bridge of Orchy                                 , NN331408 ,3293
 MUNRO      , Beinn Bheoil                                                , Loch Ericht to Loch Laggan                      , NN516717 ,3343
 MUNRO      , Beinn Bhreac                                                , South Cairngorms                                , NO058971 ,3054
 MUNRO      , Beinn Bhrotain                                              , South Cairngorms                                , NN954922 ,3795
 MUNRO      , Beinn Bhuidhe                                               , Ben Lomond and The Arrochar Alps                , NN203187 ,3110
 MUNRO      , Beinn Chabhair                                              , Crianlarich                                     , NN367179 ,3061
 MUNRO      , Beinn Dearg [Blair Atholl]                                  , Tarf and Tilt                                   , NN852777 ,3307
 MUNRO      , Beinn Dearg [Ullapool]                                      , Fannaichs and Ullapool                          , NH259811 ,3556
 MUNRO      , Beinn Dorain                                                , Bridge of Orchy                                 , NN325378 ,3530
 MUNRO      , Beinn Dubhchraig                                            , Tyndrum                                         , NN307254 ,3208
 MUNRO      , Beinn Eibhinn                                               , Loch Ericht to Loch Laggan                      , NN449733 ,3615
 MUNRO      , Beinn Eunaich                                               , Cruachan                                        , NN135328 ,3244
 MUNRO      , Beinn Fhada                                                 , Glen Affric and Strathfarrar                    , NH018192 ,3385
 MUNRO      , Beinn Fhionnlaidh [Glen Affric]                             , Glen Affric and Strathfarrar                    , NH115282 ,3297
 MUNRO      , Beinn Fhionnlaidh [Glen Etive]                              , Glen Etive                                      , NN095497 ,3146
 MUNRO      , Beinn Ghlas                                                 , The Lawers                                      , NN625404 ,3618
 MUNRO      , Beinn Heasgarnich                                           , Mamlorn                                         , NN413383 ,3536
 MUNRO      , Beinn Ime                                                   , Ben Lomond and The Arrochar Alps                , NN255084 ,3316
 MUNRO      , Beinn Iutharn Mhor                                          , Cairnwell                                       , NO045792 ,3428
 MUNRO      , Beinn Liath Mhor                                            , Achnashellach and Torridon                      , NG964519 ,3038
 MUNRO      , Beinn Liath Mhor Fannaich                                   , Fannaichs and Ullapool                          , NH219724 ,3129
 MUNRO      , Beinn Mhanach                                               , Bridge of Orchy                                 , NN373411 ,3126
 MUNRO      , Beinn Mheadhoin                                             , North Cairngorms                                , NJ024016 ,3877
 MUNRO      , Beinn na Lap                                                , Loch Treig and Loch Ossian                      , NN376695 ,3067
 MUNRO      , Beinn nan Aighenan                                          , Glen Etive                                      , NN148405 ,3149
 MUNRO      , Beinn Narnain                                               , Ben Lomond and The Arrochar Alps                , NN271066 ,3038
 MUNRO      , Beinn Sgritheall                                            , Knoydart and Loch Quoich                        , NG835126 ,3195
 MUNRO      , Beinn Sgulaird                                              , Glen Etive                                      , NN053460 ,3074
 MUNRO      , Beinn Tarsuinn                                              , Dundonnell and Fisherfield                      , NH039728 ,3074
 MUNRO      , Beinn Teallach                                              , Laggan and Monadh Liath                         , NN361859 ,3001
 MUNRO      , Beinn Tulaichean                                            , Crianlarich                                     , NN416196 ,3103
 MUNRO      , Beinn Udlamain                                              , Drumochter                                      , NN579739 ,3316
 MUNRO      , Ben Alder                                                   , Loch Ericht to Loch Laggan                      , NN496718 ,3766
 MUNRO      , Ben Challum                                                 , Mamlorn                                         , NN386322 ,3362
 MUNRO      , Ben Chonzie                                                 , Crieff and Loch Earn                            , NN773308 ,3054
 MUNRO      , Ben Cruachan                                                , Cruachan                                        , NN069304 ,3694
 MUNRO      , Ben Hope                                                    , Assynt and Far North                            , NC477501 ,3041
 MUNRO      , Ben Lawers                                                  , The Lawers                                      , NN635414 ,3982
 MUNRO      , Ben Lomond                                                  , Ben Lomond and The Arrochar Alps                , NN367028 ,3195
 MUNRO      , Ben Lui                                                     , Tyndrum                                         , NN266263 ,3707
 MUNRO      , Ben MacDui                                                  , South Cairngorms                                , NN989989 ,4294
 MUNRO      , Ben More [Crianlarich]                                      , Crianlarich                                     , NN432244 ,3851
 MUNRO      , Ben More [Isle of Mull]                                     , The Islands                                     , NM525330 ,3169
 MUNRO      , Ben More Assynt                                             , Assynt and Far North                            , NC318201 ,3274
 MUNRO      , Ben Nevis                                                   , Nevis Range and Grey Corries                    , NN166712 ,4409
 MUNRO      , Ben Oss                                                     , Tyndrum                                         , NN287253 ,3375
 MUNRO      , Ben Starav                                                  , Glen Etive                                      , NN125427 ,3536
 MUNRO      , Ben Vane                                                    , Ben Lomond and The Arrochar Alps                , NN277098 ,3001
 MUNRO      , Ben Vorlich [Loch Earn]                                     , Crieff and Loch Earn                            , NN629189 ,3231
 MUNRO      , Ben Vorlich [Loch Lomond]                                   , Ben Lomond and The Arrochar Alps                , NN295124 ,3093
 MUNRO      , Bidean a' Ghlas Thuill (An Teallach)                        , Dundonnell and Fisherfield                      , NH068843 ,3484
 MUNRO      , Bidean nan Bian                                             , Glencoe                                         , NN143542 ,3772
 MUNRO      , Bidein a' Choire Sheasgaich                                 , Achnashellach and Torridon                      , NH049412 ,3100
 MUNRO      , Binnein Beag                                                , Mamores                                         , NN221677 ,3093
 MUNRO      , Binnein Mor                                                 , Mamores                                         , NN212663 ,3707
 MUNRO      , Bla Bheinn                                                  , The Islands                                     , NG529217 ,3044
 MUNRO      , Braeriach                                                   , North Cairngorms                                , NN953999 ,4251
 MUNRO      , Braigh Coire Chruinn-Bhalgain (Beinn a' Ghlo)               , Tarf and Tilt                                   , NN945724 ,3510
 MUNRO      , Broad Cairn                                                 , Glenshee and Lochnagar                          , NO240815 ,3274
 MUNRO      , Bruach na Frithe                                            , The Islands                                     , NG461252 ,3143
 MUNRO      , Bynack More                                                 , North Cairngorms                                , NJ041063 ,3576
 MUNRO      , Cac Carn Beag (Lochnagar)                                   , Glenshee and Lochnagar                          , NO243861 ,3789
 MUNRO      , Cairn Bannoch                                               , Glenshee and Lochnagar                          , NO222825 ,3320
 MUNRO      , Cairn Gorm                                                  , North Cairngorms                                , NJ005040 ,4081
 MUNRO      , Cairn of Claise                                             , Glenshee and Lochnagar                          , NO185788 ,3490
 MUNRO      , Cairn Toul                                                  , South Cairngorms                                , NN963972 ,4235
 MUNRO      , Carn a' Chlamain                                            , Tarf and Tilt                                   , NN915758 ,3159
 MUNRO      , Carn a' Choire Bhoideach                                    , Glenshee and Lochnagar                          , NO226845 ,3641
 MUNRO      , Carn a' Gheoidh                                             , Cairnwell                                       , NO107767 ,3198
 MUNRO      , Carn a' Mhaim                                               , South Cairngorms                                , NN994951 ,3402
 MUNRO      , Carn an Fhidhleir                                           , Tarf and Tilt                                   , NN904842 ,3261
 MUNRO      , Carn an Righ                                                , Cairnwell                                       , NO028772 ,3375
 MUNRO      , Carn an t-Sagairt Mor                                       , Glenshee and Lochnagar                          , NO208843 ,3435
 MUNRO      , Carn an Tuirc                                               , Glenshee and Lochnagar                          , NO174804 ,3343
 MUNRO      , Carn Aosda                                                  , Cairnwell                                       , NO135792 ,3008
 MUNRO      , Carn Bhac                                                   , Cairnwell                                       , NO051832 ,3103
 MUNRO      , Carn Dearg [Alder region]                                   , Loch Ericht to Loch Laggan                      , NN504764 ,3392
 MUNRO      , Carn Dearg [Monadh Liath]                                   , Laggan and Monadh Liath                         , NH635023 ,3100
 MUNRO      , Carn Dearg [Rannoch region]                                 , Loch Treig and Loch Ossian                      , NN417661 ,3087
 MUNRO      , Carn Eighe                                                  , Glen Affric and Strathfarrar                    , NH123262 ,3881
 MUNRO      , Carn Ghluasaid                                              , Glen Shiel                                      , NH145125 ,3139
 MUNRO      , Carn Gorm                                                   , Rannoch and Glen Lyon                           , NN635500 ,3375
 MUNRO      , Carn Liath                                                  , Laggan and Monadh Liath                         , NN472903 ,3300
 MUNRO      , Carn Liath (Beinn a' Ghlo)                                  , Tarf and Tilt                                   , NN936698 ,3198
 MUNRO      , Carn Mairg                                                  , Rannoch and Glen Lyon                           , NN684512 ,3415
 MUNRO      , Carn Mor Dearg                                              , Nevis Range and Grey Corries                    , NN177721 ,4002
 MUNRO      , Carn na Caim                                                , Drumochter                                      , NN677821 ,3087
 MUNRO      , Carn nan Gabhar (Beinn a' Ghlo)                             , Tarf and Tilt                                   , NN971733 ,3677
 MUNRO      , Carn nan Gobhar [Glen Strathfarrar]                         , Glen Affric and Strathfarrar                    , NH273439 ,3254
 MUNRO      , Carn nan Gobhar [Loch Mullardoch]                           , Glen Affric and Strathfarrar                    , NH181343 ,3254
 MUNRO      , Carn Sgulain                                                , Laggan and Monadh Liath                         , NH683058 ,3018
 MUNRO      , Chno Dearg                                                  , Loch Treig and Loch Ossian                      , NN377741 ,3431
 MUNRO      , Ciste Dhubh                                                 , Glen Shiel                                      , NH062166 ,3211
 MUNRO      , Cona' Mheall                                                , Fannaichs and Ullapool                          , NH274816 ,3208
 MUNRO      , Conival                                                     , Assynt and Far North                            , NC303199 ,3238
 MUNRO      , Creag a' Mhaim                                              , Glen Shiel                                      , NH087077 ,3106
 MUNRO      , Creag Leacach                                               , Glenshee and Lochnagar                          , NO154745 ,3238
 MUNRO      , Creag Meagaidh                                              , Laggan and Monadh Liath                         , NN418875 ,3700
 MUNRO      , Creag Mhor                                                  , Mamlorn                                         , NN391361 ,3435
 MUNRO      , Creag nan Damh                                              , Glen Shiel                                      , NG983112 ,3011
 MUNRO      , Creag Pitridh                                               , Loch Ericht to Loch Laggan                      , NN487814 ,3031
 MUNRO      , Creise                                                      , Glen Etive                                      , NN238506 ,3608
 MUNRO      , Cruach Ardrain                                              , Crianlarich                                     , NN409212 ,3431
 MUNRO      , Derry Cairngorm                                             , South Cairngorms                                , NO017980 ,3789
 MUNRO      , Dreish                                                      , Glenshee and Lochnagar                          , NO271735 ,3106
 MUNRO      , Druim Shionnach                                             , Glen Shiel                                      , NH074084 ,3238
 MUNRO      , Eididh nan Clach Geala                                      , Fannaichs and Ullapool                          , NH257842 ,3041
 MUNRO      , Fionn Bheinn                                                , Achnashellach and Torridon                      , NH147621 ,3061
 MUNRO      , Gairich                                                     , Knoydart and Loch Quoich                        , NN025995 ,3015
 MUNRO      , Garbh Chioch Mhor                                           , Knoydart and Loch Quoich                        , NM909961 ,3323
 MUNRO      , Geal Charn [Drumochter Pass]                                , Drumochter                                      , NN596782 ,3008
 MUNRO      , Geal Charn [Loch Laggan]                                    , Loch Ericht to Loch Laggan                      , NN504811 ,3441
 MUNRO      , Geal Charn [Monadh Liath]                                   , Laggan and Monadh Liath                         , NN561987 ,3038
 MUNRO      , Geal-Charn [Alder region]                                   , Loch Ericht to Loch Laggan                      , NN469746 ,3713
 MUNRO      , Glas Bheinn Mhor                                            , Glen Etive                                      , NN153429 ,3270
 MUNRO      , Glas Leathad Mor (Ben Wyvis)                                , Fannaichs and Ullapool                          , NH463683 ,3431
 MUNRO      , Glas Maol                                                   , Glenshee and Lochnagar                          , NO167765 ,3503
 MUNRO      , Glas Tulaichean                                             , Cairnwell                                       , NO051760 ,3448
 MUNRO      , Gleouraich                                                  , Knoydart and Loch Quoich                        , NH039053 ,3395
 MUNRO      ," Gulvain, or Gaor Bheinn                                     ", Loch Lochy                                      , NN003876 ,3238
 MUNRO      , Ladhar Bheinn                                               , Knoydart and Loch Quoich                        , NG823039 ,3346
 MUNRO      , Leabaidh an Daimh Bhuide (Ben Avon)                         , South Cairngorms                                , NJ131018 ,3841
 MUNRO      , Luinne Bheinn                                               , Knoydart and Loch Quoich                        , NG869007 ,3080
 MUNRO      , Lurg Mhor                                                   , Achnashellach and Torridon                      , NH065404 ,3234
 MUNRO      , Mam Sodhail                                                 , Glen Affric and Strathfarrar                    , NH120253 ,3874
 MUNRO      , Maoile Lunndaidh                                            , Achnashellach and Torridon                      , NH135458 ,3303
 MUNRO      , Maol Chean-Dearg                                            , Achnashellach and Torridon                      , NG924499 ,3061
 MUNRO      , Maol Chinn-Dearg                                            , Glen Shiel                                      , NH032087 ,3218
 MUNRO      , Mayar                                                       , Glenshee and Lochnagar                          , NO240737 ,3044
 MUNRO      , Meall a' Bhuiridh                                           , Glen Etive                                      , NN250503 ,3635
 MUNRO      , Meall a' Choire Leith                                       , The Lawers                                      , NN612439 ,3038
 MUNRO      , Meall a' Chrasgaidh                                         , Fannaichs and Ullapool                          , NH184733 ,3064
 MUNRO      , Meall Buidhe [Glen Lyon]                                    , Rannoch and Glen Lyon                           , NN498499 ,3057
 MUNRO      , Meall Buidhe [Knoydart]                                     , Knoydart and Loch Quoich                        , NM849989 ,3103
 MUNRO      , Meall Chuaich                                               , Drumochter                                      , NN716878 ,3120
 MUNRO      , Meall Corranaich                                            , The Lawers                                      , NN615410 ,3507
 MUNRO      , Meall Dearg                                                 , Glencoe                                         , NN161583 ,3126
 MUNRO      , Meall Garbh [Glen Lyon]                                     , Rannoch and Glen Lyon                           , NN647517 ,3175
 MUNRO      , Meall Garbh [Lawers region]                                 , The Lawers                                      , NN644436 ,3667
 MUNRO      , Meall Ghaordaidh                                            , Mamlorn                                         , NN514397 ,3408
 MUNRO      , Meall Glas                                                  , Mamlorn                                         , NN431321 ,3146
 MUNRO      , Meall Gorm                                                  , Fannaichs and Ullapool                          , NH221696 ,3113
 MUNRO      , Meall Greigh                                                , The Lawers                                      , NN674438 ,3284
 MUNRO      , Meall na Teanga                                             , Loch Lochy                                      , NN220924 ,3011
 MUNRO      , Meall nan Aighean                                           , Rannoch and Glen Lyon                           , NN694496 ,3218
 MUNRO      , Meall nan Ceapraichean                                      , Fannaichs and Ullapool                          , NH257825 ,3205
 MUNRO      , Ben Klibreck                                                , Assynt and Far North                            , NC585299 ,3156
 MUNRO      , Meall nan Eun                                               , Glen Etive                                      , NN192449 ,3044
 MUNRO      , Meall nan Tarmachan                                         , The Lawers                                      , NN585390 ,3425
 MUNRO      , Monadh Mor                                                  , South Cairngorms                                , NN938942 ,3651
 MUNRO      , Moruisg                                                     , Achnashellach and Torridon                      , NH101499 ,3044
 MUNRO      , Mount Keen                                                  , Glenshee and Lochnagar                          , NO409869 ,3080
 MUNRO      , Mullach an Rathain (Liathach)                               , Achnashellach and Torridon                      , NG912577 ,3356
 MUNRO      , Mullach Clach a' Bhlair                                     , North Cairngorms                                , NN883927 ,3343
 MUNRO      , Mullach Coire Mhic Fhearchair                               , Dundonnell and Fisherfield                      , NH052735 ,3339
 MUNRO      , Mullach Fraoch-choire                                       , Glen Shiel                                      , NH095171 ,3615
 MUNRO      , Mullach na Dheiragain                                       , Glen Affric and Strathfarrar                    , NH080259 ,3221
 MUNRO      , Mullach nan Coirean                                         , Mamores                                         , NN122662 ,3080
 MUNRO      , Na Gruagaichean                                             , Mamores                                         , NN203652 ,3464
 MUNRO      , Ruadh Stac Mor                                              , Dundonnell and Fisherfield                      , NH018756 ,3011
 MUNRO      , Ruadh-stac Mor (Beinn Eighe)                                , Achnashellach and Torridon                      , NG951611 ,3313
 MUNRO      , Sail Chaorainn                                              , Glen Shiel                                      , NH133154 ,3287
 MUNRO      , Saileag                                                     , Glen Shiel                                      , NH017148 ,3136
 MUNRO      , Schiehallion                                                , Rannoch and Glen Lyon                           , NN713547 ,3553
 MUNRO      , Seana Bhraigh                                               , Fannaichs and Ullapool                          , NH281878 ,3038
 MUNRO      , Sgairneach Mhor                                             , Drumochter                                      , NN598731 ,3251
 MUNRO      , Sgiath Chuil                                                , Mamlorn                                         , NN462317 ,3021
 MUNRO      , Sgor an Lochain Uaine                                       , South Cairngorms                                , NN954976 ,4127
 MUNRO      , Sgor Gaibhre                                                , Loch Treig and Loch Ossian                      , NN444674 ,3133
 MUNRO      , Sgor Gaoith                                                 , North Cairngorms                                , NN902989 ,3667
 MUNRO      , Sgor na h-Ulaidh                                            , Glencoe                                         , NN111518 ,3261
 MUNRO      , Sgorr Dhearg (Beinn a' Bheithir)                            , Glencoe                                         , NN056558 ,3359
 MUNRO      , Sgorr Dhonuill (Beinn a' Bheithir)                          , Glencoe                                         , NN040555 ,3284
 MUNRO      , Sgorr nam Fiannaidh                                         , Glencoe                                         , NN140583 ,3172
 MUNRO      , Sgorr Ruadh                                                 , Achnashellach and Torridon                      , NG959505 ,3156
 MUNRO      , Sgurr a' Bhealaich Dheirg                                   , Glen Shiel                                      , NH035143 ,3398
 MUNRO      , Sgurr a' Chaorachain                                        , Achnashellach and Torridon                      , NH087447 ,3454
 MUNRO      , Sgurr a' Choire Ghlais                                      , Glen Affric and Strathfarrar                    , NH259430 ,3553
 MUNRO      , Sgurr a' Ghreadaidh                                         , The Islands                                     , NG445232 ,3192
 MUNRO      , Sgurr a' Mhadaidh                                           , The Islands                                     , NG446235 ,3011
 MUNRO      , Sgurr a' Mhaim                                              , Mamores                                         , NN164667 ,3605
 MUNRO      , Sgurr a' Mhaoraich                                          , Knoydart and Loch Quoich                        , NG983065 ,3369
 MUNRO      , Sgurr Alasdair                                              , The Islands                                     , NG450207 ,3254
 MUNRO      , Sgurr an Doire Leathain                                     , Glen Shiel                                      , NH015099 ,3313
 MUNRO      , Sgurr an Lochain                                            , Glen Shiel                                      , NH005104 ,3293
 MUNRO      , Sgurr Ban                                                   , Dundonnell and Fisherfield                      , NH055745 ,3244
 MUNRO      , Sgurr Breac                                                 , Fannaichs and Ullapool                          , NH158711 ,3277
 MUNRO      , Sgurr Choinnich                                             , Achnashellach and Torridon                      , NH076446 ,3277
 MUNRO      , Sgurr Choinnich Mor                                         , Nevis Range and Grey Corries                    , NN227714 ,3589
 MUNRO      , Sgurr Dearg (inaccessible pinnacle)                         , The Islands                                     , NG444215 ,3234
 MUNRO      , Sgurr Dubh Mor                                              , The Islands                                     , NG457205 ,3097
 MUNRO      , Sgurr Eilde Mor                                             , Mamores                                         , NN230657 ,3313
 MUNRO      , Sgurr Fhuaran                                               , Glen Shiel                                      , NG978166 ,3500
 MUNRO      , Sgurr Fiona (An Teallach)                                   , Dundonnell and Fisherfield                      , NH064837 ,3477
 MUNRO      , Sgurr Fuar-Thuill                                           , Glen Affric and Strathfarrar                    , NH235437 ,3441
 MUNRO      , Sgurr Mhic Choinnich                                        , The Islands                                     , NG450210 ,3110
 MUNRO      , Sgurr Mhor (Beinn Alligin)                                  , Achnashellach and Torridon                      , NG865613 ,3234
 MUNRO      , Sgurr Mor [Glen Kingie]                                     , Knoydart and Loch Quoich                        , NM965980 ,3290
 MUNRO      , Sgurr Mor [Loch Fannaich]                                   , Fannaichs and Ullapool                          , NH203718 ,3641
 MUNRO      , Sgurr na Banachdich                                         , The Islands                                     , NG440224 ,3166
 MUNRO      , Sgurr na Carnach                                            , Glen Shiel                                      , NG977158 ,3287
 MUNRO      , Sgurr na Ciche                                              , Knoydart and Loch Quoich                        , NM902966 ,3412
 MUNRO      , Sgurr na Ciste Duibhe                                       , Glen Shiel                                      , NG984149 ,3369
 MUNRO      , Sgurr na Lapaich                                            , Glen Affric and Strathfarrar                    , NH160351 ,3772
 MUNRO      , Sgurr na Ruaidhe                                            , Glen Affric and Strathfarrar                    , NH288426 ,3257
 MUNRO      , Sgurr na Sgine                                              , Glen Shiel                                      , NG946113 ,3103
 MUNRO      , Sgurr nan Ceathreamhnan                                     , Glen Affric and Strathfarrar                    , NH057228 ,3776
 MUNRO      , Sgurr nan Clach Geala                                       , Fannaichs and Ullapool                          , NH184715 ,3585
 MUNRO      , Sgurr nan Coireachan [Glen Dessary]                         , Knoydart and Loch Quoich                        , NM933958 ,3126
 MUNRO      , Sgurr nan Coireachan [Glen Finnan]                          , Loch Lochy                                      , NM902880 ,3136
 MUNRO      , Sgurr nan Conbhairean                                       , Glen Shiel                                      , NH129138 ,3638
 MUNRO      , Sgurr nan Each                                              , Fannaichs and Ullapool                          , NH184697 ,3028
 MUNRO      , Sgurr nan Eag                                               , The Islands                                     , NG457195 ,3031
 MUNRO      , Sgurr nan Gillean                                           , The Islands                                     , NG471252 ,3162
 MUNRO      , Sgurr Thuilm                                                , Loch Lochy                                      , NM939879 ,3159
 MUNRO      , Slioch                                                      , Dundonnell and Fisherfield                      , NH004690 ,3218
 MUNRO      , Spidean a' Choire Leith (Liathach)                          , Achnashellach and Torridon                      , NG929579 ,3461
 MUNRO      , Spidean Coire nan Clach (Beinn Eighe)                       , Achnashellach and Torridon                      , NG966597 ,3257
 MUNRO      , Spidean Mialach                                             , Knoydart and Loch Quoich                        , NH066043 ,3267
 MUNRO      , Sron a' Choire Ghairbh                                      , Loch Lochy                                      , NN222945 ,3074
 MUNRO      , Stob a' Choire Mheadhion                                    , Loch Treig and Loch Ossian                      , NN316736 ,3625
 MUNRO      , Stob a' Choire Odhair                                       , Glen Etive                                      , NN257459 ,3100
 MUNRO      , Stob Ban [Grey Corries]                                     , Nevis Range and Grey Corries                    , NN266723 ,3205
 MUNRO      , Stob Ban [Mamores]                                          , Mamores                                         , NN147654 ,3277
 MUNRO      , Stob Binnein                                                , Crianlarich                                     , NN434227 ,3822
 MUNRO      , Stob Coir' an Albannaich                                    , Glen Etive                                      , NN169443 ,3425
 MUNRO      , Stob Coire a' Chairn                                        , Mamores                                         , NN185660 ,3218
 MUNRO      , Stob Coire an Laoigh                                        , Nevis Range and Grey Corries                    , NN239725 ,3661
 MUNRO      , Stob Coire Claurigh                                         , Nevis Range and Grey Corries                    , NN262738 ,3861
 MUNRO      , Stob Coire Easain                                           , Loch Treig and Loch Ossian                      , NN308730 ,3658
 MUNRO      , Stob Coire Raineach (Buachaille Etive Beag)                 , Glencoe                                         , NN191548 ,3034
 MUNRO      , Stob Coire Sgreamhach                                       , Glencoe                                         , NN154536 ,3517
 MUNRO      , Stob Coire Sgriodain                                        , Loch Treig and Loch Ossian                      , NN356743 ,3211
 MUNRO      , Stob Dearg (Buachaille Etive Mor)                           , Glencoe                                         , NN222542 ,3349
 MUNRO      , Stob Diamh (Ben Cruachan)                                   , Cruachan                                        , NN094308 ,3274
 MUNRO      , Stob Dubh (Buachaille Etive Beag)                           , Glencoe                                         , NN179535 ,3143
 MUNRO      , Stob Ghabhar                                                , Glen Etive                                      , NN230455 ,3576
 MUNRO      , Stob na Broige (Buachaille Etive Mor)                       , Glencoe                                         , NN190525 ,3136
 MUNRO      , Stob Poite Coire Ardair                                     , Laggan and Monadh Liath                         , NN428888 ,3458
 MUNRO      , Stuc a' Chroin                                              , Crieff and Loch Earn                            , NN617174 ,3198
 MUNRO      , Stuchd an Lochain                                           , Rannoch and Glen Lyon                           , NN483448 ,3149
 MUNRO      , The Cairnwell                                               , Cairnwell                                       , NO134773 ,3061
 MUNRO      , The Devils Point                                            , South Cairngorms                                , NN976951 ,3293
 MUNRO      , The Saddle                                                  , Glen Shiel                                      , NG936131 ,3313
 MUNRO      , Toll Creagach                                               , Glen Affric and Strathfarrar                    , NH194282 ,3458
 MUNRO      , Tolmount                                                    , Glenshee and Lochnagar                          , NO210800 ,3143
 MUNRO      , Tom a' Choinich                                             , Glen Affric and Strathfarrar                    , NH164273 ,3648
 MUNRO      , Tom Buidhe                                                  , Glenshee and Lochnagar                          , NO213787 ,3139
 MUNRO      , Tom na Gruagaich (Beinn Alligin)                            , Achnashellach and Torridon                      , NG859601 ,3024